{
 "": null,
"": null,
"": null,
"": null,
"": null,
"": null,
"7": {
 "STOP_SEQ_ID": [ 1, 2, 3, 4, 5, 6, 7, 8, 9, 10, 11, 12, 13, 14, 15, 16, 17, 18, 19, 20, 21, 22, 23, 24, 25, 26, 27, 28, 29, 30, 31, 32, 33, 34, 35, 36, 37, 38, 39, 40, 41, 42, 43, 44, 45, 46, 47, 48, 49, 50, 51, 52, 53, 54, 55, 57, 58, 59, 60, 61, 62, 63, 64, 65, 66, 67, 68 ],
"mean_on": [ 0.9225037, 0.5585997,      0.5, 1.575663, 1.085072, 0.5384615, 0.2648475, 1.309791, 0.3980738, 1.288925, 1.391653, 0.317817, 0.5641026, 0.3210273, 0.1939103, 0.4967949, 0.338141, 0.1971154, 0.2516026, 1.134615, 0.4487179, 0.3429487, 0.8621795, 1.241987, 0.5592949, 7.751603,   1.4784,    0.408,    0.048,   0.0384,   0.0096,   0.0112,   0.1568,   0.1008,   0.4752,   1.8256,   0.7184,   0.4944,   1.0784, 2.711538, 0.02724359, 0.1298077, 0.1634615, 0.09935897, 0.6939103, 0.2435897, 0.4022436, 0.01923077, 0.1762821, 0.1300161, 0.1233974, 0.3397436, 0.3205128, 0.1458333, 0.1634615, 1.291667, 0.3942308,   0.0976, 0.04166667, 0.4695513, 0.07852564, 0.03205128, 0.2359551, 0.01926164, 0.5337621, 0.03082192,        0 ],
"mean_off": [        0, 0.09741248, 0.03894081, 0.5070203, 0.5441413, 0.05608974, 0.06260032, 0.1300161, 0.05136437, 0.1974318, 0.282504, 0.0529695, 0.1538462, 0.04494382, 0.04166667, 0.1907051, 1.254808, 0.7227564,  1.06891, 0.9503205, 0.3509615, 0.2339744, 1.043269, 1.355769, 0.5945513, 2.286859,    0.416,   0.1936,   0.0608,   0.0992,   0.0272,   0.0496,    0.232,    0.256,   0.8624,   1.7984,   1.1856,   1.1872,   2.5968, 1.615385, 0.09935897, 0.2483974, 0.5576923, 0.4198718, 1.407051, 0.4358974, 1.288462, 0.1971154, 0.2644231, 0.2616372, 0.3685897,   0.5625, 0.8189103, 0.2996795, 0.6602564, 1.567308, 0.4791667,   0.2288, 0.1185897,  1.43109, 0.3461538, 0.1762821, 0.788122, 0.5200642, 3.146302, 0.07020548, 3.025907 ],
"mean_load": [ 1.320417, 1.780822, 2.257009, 3.400936, 4.008026, 4.483974, 4.693419,  5.87801, 6.224719, 7.324238, 8.476726, 8.741573, 9.153846, 9.443018, 9.581731, 9.887821, 8.971154, 8.450321, 7.636218, 7.825321, 7.923077, 8.033654, 7.865385, 7.767628, 7.738782, 13.23718,    14.28,   14.496,  14.4832,  14.4224,  14.4048,  14.3664,  14.2912,   14.136,  13.7488,   13.776,   13.312,  12.6176,  11.1136, 12.22917, 12.15705, 12.03846, 11.64583, 11.32692, 10.61538, 10.42788, 9.543269, 9.365385, 9.277244, 9.120385, 8.908654, 8.685897, 8.190705, 8.036859, 7.543269, 7.280449, 7.201923,   7.0608, 6.995192, 6.096154, 5.830128, 5.685897, 5.158909, 4.686998, 2.345659, 2.157534, 0.7547496 ] 
},
"10": {
 "STOP_SEQ_ID": [ 1, 2, 3, 4, 5, 6, 7, 8, 9, 10, 11, 12, 13, 14, 15, 16, 17, 18, 19, 20, 21, 22, 23, 24, 25, 26, 27, 28, 29, 30, 31, 32, 33, 34, 35, 36, 37, 38, 39, 40, 41, 42, 43, 44, 45, 46, 47, 48, 49, 50, 51, 52, 53, 54, 55, 56, 57, 58, 59, 60, 61, 62, 63, 64, 65, 66, 67, 68, 69, 70, 71, 72, 73, 74, 75, 76, 77, 78, 79 ],
"mean_on": [ 8.598756, 0.3589342, 1.097756, 0.275641, 0.6282051, 1.014446, 1.136437, 0.2279294, 1.208333, 0.1217949, 0.2596154, 1.277244, 0.09455128, 0.1987179, 1.086538, 0.3135048, 0.1655949, 0.6388443, 0.1078905, 0.224359, 0.985623, 0.3423567, 0.001602564, 1.506472, 0.9267516, 0.3402226, 0.6709062, 0.8982512, 0.3402226, 0.1462639, 0.290938, 0.2559618, 0.6629571, 0.3974563, 0.4054054, 1.341812, 1.178628, 0.6453674, 5.115016, 0.6597444, 0.6022364, 0.03194888, 0.07348243,  0.14377, 0.0543131, 0.1964856, 1.380192, 0.384984, 0.06389776, 0.06230032, 0.1022364,   0.0496,   0.1808,   0.5712, 0.1009615, 0.3910256, 0.01442308, 0.02884615, 0.1458333, 0.009630819,   1.0448, 0.1185897, 0.04173355, 0.1153846,   0.1344,   0.3648,    0.376,     0.04,    0.016,    0.016,   0.0576, 0.03205128,   0.0416, 0.0224359, 0.03365385, 0.09775641, 0.04975923, 0.05901116,        0 ],
"mean_off": [ 0.00622084, 0.04545455, 0.1105769, 0.05448718, 0.2804487, 0.7335474, 1.886035, 0.08186196, 0.6650641, 0.07692308, 0.3461538, 0.661859, 0.03525641, 0.1137821, 1.129808, 0.170418, 0.0562701, 0.2520064, 0.2930757, 0.1858974, 0.2044728, 0.07324841, 0.004807692, 0.8446602, 0.2404459, 0.1017488, 0.1812401, 0.7217806, 0.200318, 0.1399046, 1.674086, 0.8569157, 1.052464, 0.4674086, 0.3163752,  2.08903, 1.510367, 0.9345048, 3.375399, 0.442492, 0.3083067, 0.05111821, 0.215655, 0.2252396, 0.2124601, 0.3354633, 0.9376997, 0.3929712, 0.3051118, 0.1948882, 0.5543131,      0.2,    0.792,   0.7088, 0.1009615, 0.5192308, 0.04967949, 0.1394231, 0.2692308, 0.07865169,   1.7648, 0.1810897, 0.2744783, 0.4519231,   0.7072,   1.8464,    0.416,   0.1424,   0.1504,   0.1408,   0.3696, 0.1266026,     0.24, 0.1858974, 0.5833333, 0.3990385, 0.1701445, 0.2599681, 3.877193 ],
"mean_load": [ 8.664075, 9.053292, 10.20513, 10.42628, 10.77404, 11.11717, 10.36758, 10.51364, 11.04327, 11.08814,  11.0016, 11.61859, 11.67788, 11.76282, 11.72115, 11.87621, 11.98553, 12.35955, 12.11916, 12.12981, 12.96166, 13.19904, 13.21474, 13.89644, 14.54618, 14.77583, 15.27027, 15.45628, 15.59777, 15.60572, 14.22258, 13.62162, 13.23211, 13.16216, 13.25437, 12.51828, 12.21053, 11.94249, 13.72045,  13.9377, 14.23642, 14.21725, 14.07508, 13.99521, 13.83706, 13.69968, 14.14217, 14.13419, 13.89297, 13.76038, 13.30831,  13.1728,  12.5616,   12.424, 12.43269, 12.30449, 12.26923, 12.16026, 12.03686, 11.97913,  11.2352, 11.19071, 10.95506, 10.61859,    10.04,   8.5744,   8.5392,   8.4384,   8.3072,   8.1824,   7.8704, 7.780449,   7.5776, 7.339744, 6.799679, 6.503205, 6.386838, 6.250399,        3 ] 
},
"20": {
 "STOP_SEQ_ID": [ 1, 2, 3, 4, 5, 6, 7, 8, 9, 10, 11, 12, 13, 14, 15, 16, 17, 18, 19, 20, 21, 22, 23, 24, 25, 26, 27, 28, 29, 30, 31, 32, 33, 34, 35, 36, 37, 38, 39, 40, 41, 42, 43, 44, 45, 46, 47, 48, 49, 50, 51, 52, 53, 54, 55, 56, 57, 58, 59, 60, 61, 62, 63, 64, 65, 67, 68, 69, 70 ],
"mean_on": [  3.50774, 0.3323029, 0.4188563, 0.8361669, 0.2565688, 0.381762, 0.1035549, 2.530139, 1.527048, 0.3307573, 0.3805855, 0.3461538, 4.044615, 4.067692, 0.3892308, 1.649231, 0.5084485, 0.3364055, 0.2604006, 0.05846154, 0.2046154, 0.5507692, 2.601538, 1.769231, 0.1171032, 0.2912173, 0.2052469, 0.3836672, 1.456086, 0.6271186, 0.4191063, 0.7272727, 0.2916667, 0.1898148, 0.0816641, 0.201849, 0.1587057, 0.2064715, 0.02465331, 0.009230769, 0.03235747, 0.2630769,     0.24, 0.2707692, 0.1710324, 0.04930663, 0.003081664, 0.01232666, 0.0431433, 1.228043, 0.1047766, 0.06615385, 0.02311248, 0.4861538, 0.1676923, 0.2830769, 0.02153846, 0.03538462, 0.1276923, 0.08448541, 0.03379416, 0.499232,     0.06, 0.02769231, 0.08615385, 0.1510015, 0.1003086, 0.2735703,        0 ],
"mean_off": [        0, 0.03554869, 0.1761978, 0.1545595, 0.09891808, 0.02472952, 0.007727975, 0.4621329, 0.2735703, 0.04018547, 0.1001541,     0.14, 0.7015385, 2.466154, 0.3584615, 1.195385, 0.3241167, 0.1228879, 0.1525424, 0.03076923, 0.3938462, 2.166154, 7.326154, 2.027692, 0.1432974, 0.4345146, 0.287037, 0.559322, 1.670262, 0.6733436, 0.2850539, 0.3420647, 0.2052469, 0.5925926, 0.5069337, 0.431433, 0.449923, 0.5654854, 0.1340524, 0.1215385, 0.248074, 0.4861538, 0.1692308, 0.3446154, 0.09707242, 0.1956857, 0.02465331, 0.06317411, 0.1510015, 0.4083205, 0.183359, 0.2107692, 0.06933744, 1.170769, 0.3184615, 0.5676923, 0.1784615, 0.08615385, 0.4723077, 1.033794, 0.1382488, 2.453149, 0.3630769, 0.1353846, 0.3215385, 0.2449923, 0.0308642, 0.04482226, 2.556414 ],
"mean_load": [ 10.25697, 10.59969, 10.84235, 11.52705,  11.6847, 12.04173, 12.13756, 14.20556, 15.46059, 15.75116, 16.00462, 16.25385, 19.63538, 21.19538, 21.22769, 21.66615, 21.88172, 22.10292, 22.27889, 22.30615, 22.11692, 20.50154, 15.77692, 15.50615, 15.46995, 15.32666, 15.26235, 15.07858, 14.88136, 14.83513, 14.97227, 15.36055, 15.44444, 15.06327, 14.65331, 14.42681, 14.13559, 13.77812, 13.66872, 13.53538, 13.31741, 13.09846, 13.16923, 13.11077, 13.20493, 13.05855, 13.03698, 12.98613, 12.87982, 13.69954, 13.62096, 13.45692, 13.40216, 12.72923,    12.58, 12.29692, 12.14154, 12.09077, 11.74769, 10.79416, 10.68971, 8.781874, 8.501538, 8.398462, 8.169231,  8.09245, 8.152778, 8.370943, 6.224111 ] 
},